email,email_key,address,address_key
HEBER.TREMBLAY@FRIESEN.COM,18,УЛ. ДЗЕРЖИНСКОГОД.6 КВ.466,25
MOEN.RYDER@VOLKMAN.BIZ,6,КРАСНОАРМЕЙСКАЯ УЛ.Д.34 КВ.102,13
LUEILWITZ.ARLENE@FRIESEN.COM,7,ПР. ЯКУШКИНАД.60 КВ.107,14
KUHN.DEVEN@FEENEY.COM,6,Б. МАРФИНСКАЯ УЛ.Д.31 КВ.159,13
CARMELO36@JOHNSON.COM,18,УЛ. БЫСТРОЛЁТОВАД.81 КВ.107,25
JARRET.GLEASON@HOTMAIL.COM,22,ВЫСОКАЯ УЛ.Д.77 КВ.232,29
SHANAHAN.ELEONORE@HOTMAIL.COM,3,НОВОСУЩЁВСКАЯ УЛ.Д.80 КВ.422,10
KWOLF@MRAZ.NET,16,УЛ. ДАЧНАЯД.25 КВ.43,23
AYDEN.NIENOW@ABSHIRE.BIZ,7,СТОЛБОВАЯ УЛ.Д.14 КВ.61,14
KUHLMAN.NAOMIE@YAHOO.COM,17,СР. КИСЛОВСКИЙ ПЕР.Д.73 КВ.65,24
