encode,decode,key
pmjmz.bzmujtig@nzqmamv.kwu,HEBER.TREMBLAY@FRIESEN.COM,18
giyh.lsxyl@pifeguh.vct,MOEN.RYDER@VOLKMAN.BIZ,6
enxbepbms.tkexgx@ykbxlxg.vhf,LUEILWITZ.ARLENE@FRIESEN.COM,7
eobh.xypyh@zyyhys.wig,KUHN.DEVEN@FEENEY.COM,6
kizumtw36@rwpvawv.kwu,CARMELO36@JOHNSON.COM,18
nevvix.kpiewsr@lsxqemp.gsq,JARRET.GLEASON@HOTMAIL.COM,22
pexkxexk.biblklob@elqjxfi.zlj,SHANAHAN.ELEONORE@HOTMAIL.COM,3
trwxg.gbxghp@tulabkx.ubs,AYDEN.NIENOW@ABSHIRE.BIZ,7
tdquvjw.wjxvrn@hjqxx.lxv,KUHLMAN.NAOMIE@YAHOO.COM,17
